,type,h,k,L,RValue
R1,conv,10,,,0.1
R2,cond,,0.8,0.5,0.625
R3,cond,,1.5,0.3,0.19999999999999998
R4,cond,,0.05,0.6,11.999999999999998
R5,conv,25,,,0.04
